alert-unique-id,alert-title,alert-trigger,unique-form-name,saved-with-form-status,alert-condition,ensure-logic-still-true,do-not-clear-recurrences,alert-stop-type,send-on,send-on-next-day-type,send-on-next-time,send-on-time-lag-days,send-on-time-lag-hours,send-on-time-lag-minutes,send-on-field-after,send-on-field,send-on-date,alert-send-how-many,every-time-type,repeat-for,repeat-for-units,repeat-for-max,alert-expiration,alert-type,email-from-display,email-from,email-to,email-cc,email-bcc,email-failed,email-subject,alert-message,sendgrid-template-id,sendgrid-template-data,sendgrid-mail-send-configuration,prevent-piping-identifiers,file-upload-fields,phone-number-to,alert-deactivated
A-1339,Payment Request Submitted,LOGIC,,ANY,([qc_passed]='1') and ([send_pay_confirm]='1'),Y,N,RECORD,TIME_LAG,,,0,1,0,after,,,ONCE,,,,,,EMAIL,Powers Lab @ Yale University,maximillian.greenwald@yale.edu,[email_addtl_contact],,,,Payment Request Submitted for Powers Lab Online Research Study!,"<p>Hello! </p> <p> </p> <p>You are receiving this email because you consented to be contacted regarding your participation in an online research study by the Powers Lab. </p> <p> </p> <p>This email is to notify you that <strong>researchers have submitted a request for your $40 payment </strong>and is now being processed by the Yale Business office. </p> <p> </p> <p><span style=""font-size: 12pt;""><strong>Thank you</strong></span> so much for your participation :) </p> <p> </p> <p>You should receive your payment no later than <strong>15 business days</strong> from now. The payment notification will be sent from <span style=""font-size: 12pt;""><strong>gc-orders@amazon.com</strong></span>. Please check both your inbox and spam/junk folders to ensure the email is not filtered out. <em>You will automatically receive another email asking you to confirm whether you have received your payment in 15 business days -- please to the survey attached in this email when you receive it :)</em></p> <p> </p> <p>If at any time you have questions about your payment, then please reach out to <a href=""mailto:maximillian.greenwald@yale.edu"">maximillian.greenwald@yale.edu, </a>CCing <a href=""mailto:silmilly.toribio@yale.edu"">silmilly.toribio@yale.edu</a> and <a href=""mailto:albert.powers@yale.edu"">albert.powers@yale.edu</a> to inquire about the status of your payment!</p> <p> </p> <p>If you opted for a digital US Bank prepaid card, then useful information is attached to this email. </p> <p> </p> <p>Thank you again, and have a fantastic day!</p> <p> </p> <p>---------------------------------------------------------</p> <p>Powers Lab | Yale University</p> <p style=""background: white;""><i>Phone: ‪(203) 441-7213</i></p> <p style=""background: white;""><em>Email: </em><a href=""mailto:powers.lab@yale.edu"">powers.lab@yale.edu</a> </p>",,{},{},Y,,,N
A-1340,fraudulent_email_inconsistentanswers,LOGIC,,ANY,[fraudulent_email_inconsistentanswers]='1',N,N,RECORD,NEXT_OCCURRENCE,DAY,9:00,,,,,,,ONCE,,,,,,EMAIL,,maximillian.greenwald@yale.edu,[replay_email],,,,Powers Lab at Yale Research Study: Inconsistent Answers,"<p>Hello!</p> <p> </p> <p>You are receiving this email because you recently completed a Yale-approved online study conducted by the Powers lab and consented to be contacted regarding research.</p> <p> </p> <p>As part of our commitment to conducting legitimate, high-quality science in order to develop treatments to help folks with mental illness, we carefully review all responses for consistency and accuracy. During our review, <strong>we noticed one or more major inconsistencies in your responses that will need to be resolved for us to use your data</strong>.</p> <p> </p> <p>We realize mistakes happen and people sometimes select the wrong answer (especially in ours long, tedious questionnaire!), but we also have had a massive issue with folks taking the survey multiple times and giving very unreliable responses.</p> <p> </p> <p><strong>If you are confident that your responses were 100% honest, then please schedule Zoom call to clarify your responses at </strong><u><a id=""OWA2f2926b5-1adf-1959-919d-06ff0da85ac0"" class=""OWAAutoLink"" title=""https://nam12.safelinks.protection.outlook.com/?url=https%3A%2F%2Foutlook.office.com%2Fbook%2FYalePsychedelicStudy%40yale.edu%2Fs%2FHrpJRTxvbkGIy88Mc6ZnUg2%3Fismsaljsauthenabled&data=05%7C02%7Cmaximillian.greenwald%40yale.edu%7C6dc95312531d436ad2b208de05c2baa7%7Cdd8cbebb21394df8b4114e3e87abeb5c%7C0%7C0%7C638954531100652140%7CUnknown%7CTWFpbGZsb3d8eyJFbXB0eU1hcGkiOnRydWUsIlYiOiIwLjAuMDAwMCIsIlAiOiJXaW4zMiIsIkFOIjoiTWFpbCIsIldUIjoyfQ%3D%3D%7C0%7C%7C%7C&sdata=NxPxOI0uxdRdH5t3oi8fx%2FKeIk33wS%2B%2FJu0jBUZ0neo%3D&reserved=0"" href=""https://nam12.safelinks.protection.outlook.com/?url=https%3A%2F%2Foutlook.office.com%2Fbook%2FYalePsychedelicStudy%40yale.edu%2Fs%2FHrpJRTxvbkGIy88Mc6ZnUg2%3Fismsaljsauthenabled&data=05%7C02%7Cmaximillian.greenwald%40yale.edu%7C6dc95312531d436ad2b208de05c2baa7%7Cdd8cbebb21394df8b4114e3e87abeb5c%7C0%7C0%7C638954531100652140%7CUnknown%7CTWFpbGZsb3d8eyJFbXB0eU1hcGkiOnRydWUsIlYiOiIwLjAuMDAwMCIsIlAiOiJXaW4zMiIsIkFOIjoiTWFpbCIsIldUIjoyfQ%3D%3D%7C0%7C%7C%7C&sdata=NxPxOI0uxdRdH5t3oi8fx%2FKeIk33wS%2B%2FJu0jBUZ0neo%3D&reserved=0"" data-auth=""NotApplicable"" data-ogsc=""blue"" data-outlook-id=""e466fb32-0b48-4864-9496-7a0af01d670b""><strong>this Microsoft Bookings link</strong></a></u>. <em>Please do not request a zoom call if you know the answers you provided were not honest and accurate. </em></p> <p> </p> <p>Thank you for your participation, and we apologize for any frustration!</p> <p>---------------------------------------------------------</p> <p>Powers Lab | Yale University</p> <p data-ogsb=""white""><i>Phone: ‪(203) 441-7213</i></p> <p data-ogsb=""white""><i>Email: </i><u><a id=""OWAbbd2eaee-38c1-5443-4b5a-9f2635e7de01"" class=""OWAAutoLink"" title=""mailto:powers.lab@yale.edu"" href=""mailto:powers.lab@yale.edu"" data-ogsc=""blue"" data-outlook-id=""f922c742-f00b-4844-852c-e57edba26335"">powers.lab@yale.edu</a></u> </p>",,{},{},Y,,,N
A-1341,fraudulent_email,LOGIC,,ANY,[fraudulent_email]='1',N,N,RECORD,NEXT_OCCURRENCE,DAY,9:00,,,,,,,ONCE,,,,,,EMAIL,,maximillian.greenwald@yale.edu,[email_addtl_contact],,,,Powers Lab at Yale Research Study: Inconsistent Answers,"<p>Hello!</p> <p> </p> <p>You are receiving this email because you 1) recently completed a Yale-approved online study conducted by the Powers lab, 2) consented to be contacted regarding research, and 3) gave inconsistent answers suspicious for inattentiveness/repeat survey taking. </p> <p> </p> <p>Because this is medical research, it is critical that we are collecting accurate, high-quality data (our data may impact patients!). </p> <p> </p> <p>Unfortunately, because numerous responses were inconsistent, we will have to assume that the data is not trustworthy and will not be able to use your data. As stated in our consent form, we will thus be unable to provide payment for your responses. </p> <p> </p> <p>Thank you for your participation, and we apologize for any frustration. </p> <p>---------------------------------------------------------</p> <p>Powers Lab | Yale University</p> <p style=""background: white;""><i>Phone: ‪(203) 441-7213</i></p> <p style=""background: white;""><em>Email: </em><a href=""mailto:powers.lab@yale.edu"">powers.lab@yale.edu</a> </p>",,{},{},Y,,,N
A-1342,inconsistent_sp_answers,LOGIC,,ANY,[inconsistent_sp_answers]='1',Y,N,RECORD,TIME_LAG,,,0,0,30,after,,,ONCE,,,,,,EMAIL,,maximillian.greenwald@yale.edu,[email_addtl_contact],,,,Powers Lab Online Study: Inconsistent Answers,"<p>Hello!</p> <p> </p> <p>You are receiving this email because you 1) recently completed a Yale-approved online study conducted by the Powers lab, 2) consented to be contacted regarding research, and 3) gave inconsistent answers to some of our important questions that we will need to correct to be able to use your data.</p> <p> </p> <p>In order to have your data used and receive your payment, <strong>please fill out this uber-brief (1-2 minutes) verification survey </strong>of basic demographic information</p> <p> </p> <p>*******</p> <p><span style=""font-size: 14pt;""><strong>[survey-link:clarification_survey:Answer Verification Link]</strong></span></p> <p>*******</p> <p> </p> <p>This is not super uncommon, and usually it just means there was a mistake on a question or two! Transparently though, we have had a massive issue with fraud throughout the study, so if your answers are <em>very suspicious</em> (or if you fail to reply) we will have to assume that the data is not trustworthy and will need to discard your data and withhold payment :( </p> <p> </p> <p>We know mistakes happen, and we always always prefer to use folks' data if they are providing it in earnest and being honest, but we also owe it to everyone to conduct legitimate, rigorous science : )</p> <p> </p> <p>If you would prefer to directly discuss the inconsistent answer(s) via a Zoom call, that is also an option! You can schedule a call with Max at the following link: </p> <p><a href=""https://outlook.office.com/book/YalePsychedelicStudy@yale.edu/s/ruvzBR9YwU6XkwVeneSjpw2?ismsaljsauthenabled"">https://outlook.office.com/book/YalePsychedelicStudy@yale.edu/s/ruvzBR9YwU6XkwVeneSjpw2?ismsaljsauthenabled</a> </p> <p> </p> <p>Thank you very much for your participation and assistance with this!</p> <p> </p> <p>---------------------------------------------------------</p> <p>Powers Lab | Yale University</p> <p style=""background: white;""><i>Phone: ‪(203) 441-7213</i></p> <p style=""background: white;""><em>Email: </em><a href=""mailto:powers.lab@yale.edu"">powers.lab@yale.edu</a> </p>",,{},{},Y,,,N
A-1343,replay_links_ach,LOGIC,,ANY,[replay_links_ach]='1',Y,N,RECORD,TIME_LAG,,,0,0,30,after,,,ONCE,,,,,,EMAIL,,maximillian.greenwald@yale.edu,[replay_email],,,,Powers Lab at Yale Research Study: Game Replay Links,"<p>Hello!</p> <p> </p> <p>You are receiving this email because you 1) recently submitted survey responses for an online survey study by the Powers Lab at Yale University, 2) consented to be contacted regarding your research participation, and 3) gave responses to one or more games suggesting directions may have been misunderstood or there was not full engagement the entire time through.</p> <p> </p> <p>In order to receive compensation for your participation, you will need to please replay the following games carefully at the links below:</p> <p> </p> <p> ############</p> <p><strong><u>Can You Hear the Tone?</u></strong></p> <p>************************</p> <p><i>Remember to please keep your volume at 100%, screen brightness at 100%, and listen carefully for the tone!</i></p> <p><span style=""font-size: 14pt;""><i> <strong>[survey-link:auditory_ch_task:Replay Link Here]</strong></i></span></p> <p>############</p> <p> </p> <p>Thank you <strong><i>so much</i></strong> for your participation, and we apologize for any frustration! Your data is extremely valuable to us, and so we want to ensure we are able to use it! </p> <p> </p> <p>We are available via Google Voice, email, or Zoom should you wish to discuss any game instructions or technical difficulties!</p> <p> </p> <p>In order to expedite your payment <strong><i>please email us back when all games above have been replayed!</i></strong></p> <p> </p> <p>-----------------------------------------------</p> <p><strong>Powers Lab</strong></p> <p>Department of Psychiatry</p> <p>Yale University School of Medicine</p>",,{},{},Y,,,N
A-1344,replay_links_ach_2,LOGIC,,ANY,[replay_links_ach_2]='1',N,N,RECORD,NEXT_OCCURRENCE,DAY,9:00,,,,,,,ONCE,,,,,,EMAIL,,maximillian.greenwald@yale.edu,[replay_email],,,,Powers Lab at Yale Research Study: Game Replay Links,"<p>Hello!</p> <p> </p> <p>Thank you so much for playing the game again! Unfortunately, your responses still suggest the game is not being played correctly or there is some misunderstanding. You'll have to play it again to complete the study -- please email <a class=""c-link"" href=""mailto:maximillian.greenwald@yale.edu"" target=""_blank"" rel=""noopener noreferrer"" data-stringify-link=""mailto:maximillian.greenwald@yale.edu"" data-sk=""tooltip_parent"" aria-haspopup=""menu"">maximillian.greenwald@yale.edu</a> if you'd like to chat about the game and/or get help troubleshooting.</p> <p> </p> <p>In order to receive compensation for your participation, you will need to please replay the following games carefully at the links below:</p> <p> </p> <p> ############</p> <p><strong><u>Can You Hear the Tone?</u></strong></p> <p> </p> <p>************************</p> <p><i>Remember to please keep your volume at 100%, screen brightness at 100%, and listen carefully for the tone!</i></p> <p><span style=""font-size: 14pt;""><i> <strong>[survey-link:auditory_ch_task:Replay Link Here]</strong></i></span></p> <p>############</p> <p> </p> <p>Thank you <strong><i>so much</i></strong> for your participation, and we apologize for any frustration! Your data is extremely valuable to us, and so we want to ensure we are able to use it! </p> <p> </p> <p>We are available via Google Voice, email, or Zoom should you wish to discuss any game instructions or technical difficulties!</p> <p> </p> <p>In order to expedite your payment <strong><i>please email us back when all games above have been replayed!</i></strong></p> <p> </p> <p>-----------------------------------------------</p> <p><strong>Powers Lab</strong></p> <p>Department of Psychiatry</p> <p>Yale University School of Medicine</p>",,{},{},Y,,,N
A-1345,replay_links_ach_3,LOGIC,,ANY,[replay_links_ach_3]='1',N,N,RECORD,NEXT_OCCURRENCE,DAY,9:00,,,,,,,ONCE,,,,,,EMAIL,,maximillian.greenwald@yale.edu,[replay_email],,,,Powers Lab at Yale Research Study: Game Replay Links,"<p>Hello!</p> <p> </p> <p>Thank you so much for playing the game again! Unfortunately, your responses still suggest the game is not being played correctly or there is some misunderstanding. You'll have to play it again to complete the study -- please email <a class=""c-link"" href=""mailto:maximillian.greenwald@yale.edu"" target=""_blank"" rel=""noopener noreferrer"" data-stringify-link=""mailto:maximillian.greenwald@yale.edu"" data-sk=""tooltip_parent"" aria-haspopup=""menu"">maximillian.greenwald@yale.edu</a> if you'd like to chat about the game and/or get help troubleshooting</p> <p> </p> <p>In order to receive compensation for your participation, you will need to please replay the following games carefully at the links below:</p> <p> </p> <p> ############</p> <p><strong><u>Can You Hear the Tone?</u></strong></p> <p> </p> <p>************************</p> <p><i>Remember to please keep your volume at 100%, screen brightness at 100%, and listen carefully for the tone!</i></p> <p><span style=""font-size: 14pt;""><i> <strong>[survey-link:auditory_ch_task:Replay Link Here]</strong></i></span></p> <p>############</p> <p> </p> <p>Thank you <strong><i>so much</i></strong> for your participation, and we apologize for any frustration! Your data is extremely valuable to us, and so we want to ensure we are able to use it! </p> <p> </p> <p>We are available via Google Voice, email, or Zoom should you wish to discuss any game instructions or technical difficulties!</p> <p> </p> <p>In order to expedite your payment <strong><i>please email us back when all games above have been replayed!</i></strong></p> <p> </p> <p>-----------------------------------------------</p> <p><strong>Powers Lab</strong></p> <p>Department of Psychiatry</p> <p>Yale University School of Medicine</p>",,{},{},Y,,,N
A-1346,replay_links_ach_4,LOGIC,,ANY,[replay_links_ach_4]='1',N,N,RECORD,NEXT_OCCURRENCE,DAY,9:00,,,,,,,ONCE,,,,,,EMAIL,,maximillian.greenwald@yale.edu,[replay_email],,,,Powers Lab @ Yale Online Research: Game Replay Links,"<p>Hello!</p> <p> </p> <p>Thank you so much for playing the game again! Unfortunately, your responses still suggest the game is not being played correctly or there is some misunderstanding. You'll have to play it again to complete the study -- please email <a class=""c-link"" href=""mailto:maximillian.greenwald@yale.edu"" target=""_blank"" rel=""noopener noreferrer"" data-stringify-link=""mailto:maximillian.greenwald@yale.edu"" data-sk=""tooltip_parent"" aria-haspopup=""menu"">maximillian.greenwald@yale.edu</a> if you'd like to chat about the game and/or get help troubleshooting</p> <p> </p> <p>In order to receive compensation for your participation, you will need to please replay the following games carefully at the links below:</p> <p> </p> <p> ############</p> <p><strong><u>Can You Hear the Tone?</u></strong></p> <p> </p> <p>************************</p> <p><i>Remember to please keep your volume at 100%, screen brightness at 100%, and listen carefully for the tone!</i></p> <p><span style=""font-size: 14pt;""><i> <strong>[survey-link:auditory_ch_task:Replay Link Here]</strong></i></span></p> <p>############</p> <p> </p> <p>Thank you <strong><i>so much</i></strong> for your participation, and we apologize for any frustration! Your data is extremely valuable to us, and so we want to ensure we are able to use it! </p> <p> </p> <p>We are available via Google Voice, email, or Zoom should you wish to discuss any game instructions or technical difficulties!</p> <p> </p> <p>In order to expedite your payment <strong><i>please email us back when all games above have been replayed!</i></strong></p> <p> </p> <p>-----------------------------------------------</p> <p><strong>Powers Lab</strong></p> <p>Department of Psychiatry</p> <p>Yale University School of Medicine</p>",,{},{},Y,,,N
A-1347,replay_links_vch,LOGIC,,ANY,[replay_links_vch]='1',Y,N,RECORD,TIME_LAG,,,0,0,30,after,,,ONCE,,,,,,EMAIL,,maximillian.greenwald@yale.edu,[replay_email],,,,Powers Lab at Yale Research Study: Game Replay Links,"<p>Hello!</p> <p> </p> <p>You are receiving this email because you 1) recently submitted survey responses for an online survey study by the Powers Lab at Yale University, 2) consented to be contacted regarding your research participation, and 3) gave responses to one or more games suggesting directions may have been misunderstood or there was not full engagement the entire time through.</p> <p> </p> <p>In order to receive compensation for your participation, you will need to please replay the following games carefully at the links below:</p> <p> </p> <p> ############</p> <p> </p> <p><strong><u>Look for the Pattern!</u></strong></p> <p> </p> <p>************************</p> <p><i>Remember to please keep your volume at 100%, screen brightness at 100%, and look carefully for the pattern!</i></p> <p><span style=""font-size: 14pt;""><i> <strong>[survey-link:visual_ch_task:Replay Link Here]</strong></i></span></p> <p>############</p> <p> </p> <p>Thank you <strong><i>so much</i></strong> for your participation, and we apologize for any frustration! Your data is extremely valuable to us, and so we want to ensure we are able to use it! </p> <p> </p> <p>We are available via Google Voice, email, or Zoom should you wish to discuss any game instructions or technical difficulties!</p> <p> </p> <p>In order to expedite your payment <strong><i>please email us back when all games above have been replayed!</i></strong></p> <p> </p> <p>-----------------------------------------------</p> <p><strong>Powers Lab</strong></p> <p>Department of Psychiatry</p> <p>Yale University School of Medicine</p> <p> </p>",,{},{},Y,,,N
A-1348,replay_links_vch_2,LOGIC,,ANY,[replay_links_vch_2]='1',N,N,RECORD,NEXT_OCCURRENCE,DAY,9:00,,,,,,,ONCE,,,,,,EMAIL,,maximillian.greenwald@yale.edu,[replay_email],,,,Powers Lab at Yale Research Study: Game Replay Links,"<p>Hello!</p> <p> </p> <p>Thank you so much for playing the game again! Unfortunately, your responses still suggest the game is not being played correctly or there is some misunderstanding. You'll have to play it again to complete the study -- please email <a class=""c-link"" href=""mailto:maximillian.greenwald@yale.edu"" target=""_blank"" rel=""noopener noreferrer"" data-stringify-link=""mailto:maximillian.greenwald@yale.edu"" data-sk=""tooltip_parent"" aria-haspopup=""menu"">maximillian.greenwald@yale.edu</a> if you'd like to chat about the game and/or get help troubleshooting</p> <p>In order to receive compensation for your participation, you will need to please replay the following games carefully at the links below:</p> <p> </p> <p> ############</p> <p> </p> <p><strong><u>Look for the Pattern!</u></strong></p> <p> </p> <p>************************</p> <p><i>Remember to please keep your volume at 100%, screen brightness at 100%, and look carefully for the pattern!</i></p> <p><span style=""font-size: 14pt;""><i> <strong>[survey-link:visual_ch_task:Replay Link Here]</strong></i></span></p> <p>############</p> <p> </p> <p>Thank you <strong><i>so much</i></strong> for your participation, and we apologize for any frustration! Your data is extremely valuable to us, and so we want to ensure we are able to use it! </p> <p> </p> <p>We are available via Google Voice, email, or Zoom should you wish to discuss any game instructions or technical difficulties!</p> <p> </p> <p>In order to expedite your payment <strong><i>please email us back when all games above have been replayed!</i></strong></p> <p> </p> <p>-----------------------------------------------</p> <p><strong>Powers Lab</strong></p> <p>Department of Psychiatry</p> <p>Yale University School of Medicine</p>",,{},{},Y,,,N
A-1349,replay_links_vch_3,LOGIC,,ANY,[replay_links_vch_3]='1',N,N,RECORD,NEXT_OCCURRENCE,DAY,9:00,,,,,,,ONCE,,,,,,EMAIL,,maximillian.greenwald@yale.edu,[replay_email],,,,Powers Lab at Yale Research Study: Game Replay Links,"<p>Hello!</p> <p> </p> <p>Thank you so much for playing the game again! Unfortunately, your responses still suggest the game is not being played correctly or there is some misunderstanding. You'll have to play it again to complete the study -- please email <a class=""c-link"" href=""mailto:maximillian.greenwald@yale.edu"" target=""_blank"" rel=""noopener noreferrer"" data-stringify-link=""mailto:maximillian.greenwald@yale.edu"" data-sk=""tooltip_parent"" aria-haspopup=""menu"">maximillian.greenwald@yale.edu</a> if you'd like to chat about the game and/or get help troubleshooting</p> <p>In order to receive compensation for your participation, you will need to please replay the following games carefully at the links below:</p> <p> </p> <p> ############</p> <p> </p> <p><strong><u>Look for the Pattern!</u></strong></p> <p> </p> <p>************************</p> <p><i>Remember to please keep your volume at 100%, screen brightness at 100%, and look carefully for the pattern!</i></p> <p><span style=""font-size: 14pt;""><i> <strong>[survey-link:visual_ch_task:Replay Link Here]</strong></i></span></p> <p>############</p> <p> </p> <p>Thank you <strong><i>so much</i></strong> for your participation, and we apologize for any frustration! Your data is extremely valuable to us, and so we want to ensure we are able to use it! </p> <p> </p> <p>We are available via Google Voice, email, or Zoom should you wish to discuss any game instructions or technical difficulties!</p> <p> </p> <p>In order to expedite your payment <strong><i>please email us back when all games above have been replayed!</i></strong></p> <p> </p> <p>-----------------------------------------------</p> <p><strong>Powers Lab</strong></p> <p>Department of Psychiatry</p> <p>Yale University School of Medicine</p>",,{},{},Y,,,N
A-1350,replay_links_vch_4,LOGIC,,ANY,[replay_links_vch_4]='1',N,N,RECORD,NEXT_OCCURRENCE,DAY,9:00,,,,,,,ONCE,,,,,,EMAIL,,maximillian.greenwald@yale.edu,[replay_email],,,,Powers Lab at Yale Research Study: Game Replay Links,"<p>Hello!</p> <p> </p> <p>Thank you so much for playing the game again! Unfortunately, your responses still suggest the game is not being played correctly or there is some misunderstanding. You'll have to play it again to complete the study -- please email <a class=""c-link"" href=""mailto:maximillian.greenwald@yale.edu"" target=""_blank"" rel=""noopener noreferrer"" data-stringify-link=""mailto:maximillian.greenwald@yale.edu"" data-sk=""tooltip_parent"" aria-haspopup=""menu"">maximillian.greenwald@yale.edu</a> if you'd like to chat about the game and/or get help troubleshooting</p> <p>In order to receive compensation for your participation, you will need to please replay the following games carefully at the links below:</p> <p> </p> <p> ############</p> <p> </p> <p><strong><u>Look for the Pattern!</u></strong></p> <p> </p> <p>************************</p> <p><i>Remember to please keep your volume at 100%, screen brightness at 100%, and look carefully for the pattern!</i></p> <p><span style=""font-size: 14pt;""><i> <strong>[survey-link:visual_ch_task:Replay Link Here]</strong></i></span></p> <p>############</p> <p> </p> <p>Thank you <strong><i>so much</i></strong> for your participation, and we apologize for any frustration! Your data is extremely valuable to us, and so we want to ensure we are able to use it! </p> <p> </p> <p>We are available via Google Voice, email, or Zoom should you wish to discuss any game instructions or technical difficulties!</p> <p> </p> <p>In order to expedite your payment <strong><i>please email us back when all games above have been replayed!</i></strong></p> <p> </p> <p>-----------------------------------------------</p> <p><strong>Powers Lab</strong></p> <p>Department of Psychiatry</p> <p>Yale University School of Medicine</p>",,{},{},Y,,,N
A-1351,replay_links_prl,LOGIC,,ANY,[replay_links_prl]='1',N,N,RECORD,TIME_LAG,,,0,0,30,after,,,ONCE,,,,,,EMAIL,,maximillian.greenwald@yale.edu,[replay_email],,,,Powers Lab at Yale Research Study: Game Replay Links,"<p>Hello!</p> <p> </p> <p>You are receiving this email because you 1) recently submitted survey responses for an online survey study by the Powers Lab at Yale University, 2) consented to be contacted regarding your research participation, and 3) gave responses to one or more games suggesting directions may have been misunderstood or there was not full engagement the entire time through.</p> <p> </p> <p>In order to receive compensation for your participation, you will need to please replay the following games carefully at the links below:</p> <p> </p> <p> ############</p> <p> </p> <p><strong><u>The Lucky Picture Picking Game</u></strong></p> <p> </p> <p>************************</p> <p><i>Remember that even the lucky picture sometimes gives you low points - you're just looking for the picture that gives you more points the most <strong>often</strong>! You should <strong>not </strong>change to a different picture the moment you get a low point reward.  </i></p> <p><i>Sometimes the picture is only moderately good - try to make sure you're confident you've found the actual LUCKIEST picture before committing! </i></p> <p><span style=""font-size: 14pt;""><i> <strong>[survey-link:prl_task:Replay Link Here]</strong></i></span></p> <p>############</p> <p> </p> <p>Thank you <strong><i>so much</i></strong> for your participation, and we apologize for any frustration! Your data is extremely valuable to us, and so we want to ensure we are able to use it! </p> <p> </p> <p>We are available via Google Voice, email, or Zoom should you wish to discuss any game instructions or technical difficulties!</p> <p> </p> <p>In order to expedite your payment <strong><i>please email us back when all games above have been replayed!</i></strong></p> <p> </p> <p>-----------------------------------------------</p> <p><strong>Powers Lab</strong></p> <p>Department of Psychiatry</p> <p>Yale University School of Medicine</p> <p> </p>",,{},{},Y,,,N
A-1352,replay_links_prl_2,LOGIC,,ANY,[replay_links_prl_2]='1',N,N,RECORD,NEXT_OCCURRENCE,DAY,9:00,,,,,,,ONCE,,,,,,EMAIL,,maximillian.greenwald@yale.edu,[replay_email],,,,Powers Lab at Yale Research Study: Game Replay Links,"<p>Hello!</p> <p> </p> <p>Thank you so much for playing the game again! Unfortunately, your responses still suggest the game is not being played correctly or there is some misunderstanding. You'll have to play it again to complete the study -- please email <a class=""c-link"" href=""mailto:maximillian.greenwald@yale.edu"" target=""_blank"" rel=""noopener noreferrer"" data-stringify-link=""mailto:maximillian.greenwald@yale.edu"" data-sk=""tooltip_parent"" aria-haspopup=""menu"">maximillian.greenwald@yale.edu</a> if you'd like to chat about the game and/or get help troubleshooting</p> <p> </p> <p>In order to receive compensation for your participation, you will need to please replay the following games carefully at the links below:</p> <p> </p> <p> ############</p> <p> </p> <p><strong><u>The Lucky Picture Picking Game</u></strong></p> <p> </p> <p>************************</p> <p><i>Remember that even the lucky picture sometimes gives you low points - you're just looking for the picture that gives you more points the most <strong>often</strong>! You should <strong>not </strong>change to a different picture the moment you get a low point reward.  </i></p> <p><i>Sometimes the picture is only moderately good - try to make sure you're confident you've found the actual LUCKIEST picture before committing! </i></p> <p><span style=""font-size: 14pt;""><i> <strong>[survey-link:prl_task:Replay Link Here]</strong></i></span></p> <p>############</p> <p> </p> <p>Thank you <strong><i>so much</i></strong> for your participation, and we apologize for any frustration! Your data is extremely valuable to us, and so we want to ensure we are able to use it! </p> <p> </p> <p>We are available via Google Voice, email, or Zoom should you wish to discuss any game instructions or technical difficulties!</p> <p> </p> <p>In order to expedite your payment <strong><i>please email us back when all games above have been replayed!</i></strong></p> <p> </p> <p>-----------------------------------------------</p> <p><strong>Powers Lab</strong></p> <p>Department of Psychiatry</p> <p>Yale University School of Medicine</p>",,{},{},Y,,,N
A-1353,replay_links_prl_3,LOGIC,,ANY,[replay_links_prl_3]='1',N,N,RECORD,NEXT_OCCURRENCE,DAY,9:00,,,,,,,ONCE,,,,,,EMAIL,,maximillian.greenwald@yale.edu,[replay_email],,,,Powers Lab at Yale Research Study: Game Replay Links,"<p>Hello!</p> <p> </p> <p>Thank you so much for playing the game again! Unfortunately, your responses still suggest the game is not being played correctly or there is some misunderstanding. You'll have to play it again to complete the study -- please email <a class=""c-link"" href=""mailto:maximillian.greenwald@yale.edu"" target=""_blank"" rel=""noopener noreferrer"" data-stringify-link=""mailto:maximillian.greenwald@yale.edu"" data-sk=""tooltip_parent"" aria-haspopup=""menu"">maximillian.greenwald@yale.edu</a> if you'd like to chat about the game and/or get help troubleshooting</p> <p> </p> <p>In order to receive compensation for your participation, you will need to please replay the following games carefully at the links below:</p> <p> </p> <p> ############</p> <p> </p> <p><strong><u>The Lucky Picture Picking Game</u></strong></p> <p> </p> <p>************************</p> <p><i>Remember that even the lucky picture sometimes gives you low points - you're just looking for the picture that gives you more points the most <strong>often</strong>! You should <strong>not </strong>change to a different picture the moment you get a low point reward.  </i></p> <p><i>Sometimes the picture is only moderately good - try to make sure you're confident you've found the actual LUCKIEST picture before committing! </i></p> <p><span style=""font-size: 14pt;""><i> <strong>[survey-link:prl_task:Replay Link Here]</strong></i></span></p> <p>############</p> <p> </p> <p>Thank you <strong><i>so much</i></strong> for your participation, and we apologize for any frustration! Your data is extremely valuable to us, and so we want to ensure we are able to use it! </p> <p> </p> <p>We are available via Google Voice, email, or Zoom should you wish to discuss any game instructions or technical difficulties!</p> <p> </p> <p>In order to expedite your payment <strong><i>please email us back when all games above have been replayed!</i></strong></p> <p> </p> <p>-----------------------------------------------</p> <p><strong>Powers Lab</strong></p> <p>Department of Psychiatry</p> <p>Yale University School of Medicine</p>",,{},{},Y,,,N
A-1354,replay_links_prl_4,LOGIC,,ANY,[replay_links_prl_4]='1',N,N,RECORD,NEXT_OCCURRENCE,DAY,9:00,,,,,,,ONCE,,,,,,EMAIL,,maximillian.greenwald@yale.edu,[replay_email],,,,Powers Lab at Yale Research Study: Game Replay Links,"<p>Hello!</p> <p> </p> <p>Thank you so much for playing the game again! Unfortunately, your responses still suggest the game is not being played correctly or there is some misunderstanding. You'll have to play it again to complete the study -- please email <a class=""c-link"" href=""mailto:maximillian.greenwald@yale.edu"" target=""_blank"" rel=""noopener noreferrer"" data-stringify-link=""mailto:maximillian.greenwald@yale.edu"" data-sk=""tooltip_parent"" aria-haspopup=""menu"">maximillian.greenwald@yale.edu</a> if you'd like to chat about the game and/or get help troubleshooting</p> <p> </p> <p>In order to receive compensation for your participation, you will need to please replay the following games carefully at the links below:</p> <p> </p> <p> ############</p> <p> </p> <p><strong><u>The Lucky Picture Picking Game</u></strong></p> <p> </p> <p>************************</p> <p><i>Remember that even the lucky picture sometimes gives you low points - you're just looking for the picture that gives you more points the most <strong>often</strong>! You should <strong>not </strong>change to a different picture the moment you get a low point reward.  </i></p> <p><i>Sometimes the picture is only moderately good - try to make sure you're confident you've found the actual LUCKIEST picture before committing! </i></p> <p><span style=""font-size: 14pt;""><i> <strong>[survey-link:prl_task:Replay Link Here]</strong></i></span></p> <p>############</p> <p> </p> <p>Thank you <strong><i>so much</i></strong> for your participation, and we apologize for any frustration! Your data is extremely valuable to us, and so we want to ensure we are able to use it! </p> <p> </p> <p>We are available via Google Voice, email, or Zoom should you wish to discuss any game instructions or technical difficulties!</p> <p> </p> <p>In order to expedite your payment <strong><i>please email us back when all games above have been replayed!</i></strong></p> <p> </p> <p>-----------------------------------------------</p> <p><strong>Powers Lab</strong></p> <p>Department of Psychiatry</p> <p>Yale University School of Medicine</p>",,{},{},Y,,,N
A-1355,fourth_fail,LOGIC,,ANY,[fourth_fail]='1',N,N,RECORD,NEXT_OCCURRENCE,DAY,9:00,,,,,,,ONCE,,,,,,EMAIL,,maximillian.greenwald@yale.edu,[replay_email],,,,Powers Lab at Yale Research Study: 3rd Replay,"<p>Hello!</p> <p> </p> <p>You are receiving this email because you consented to be contacted regarding your participation in a Powers Lab online study and you recently replayed an online game a third time.</p> <p> </p> <p>Unfortunately, your responses still seem to indicate the game is not being played correctly.</p> <p> </p> <p>At this point, we would like to offer to join via Zoom to discuss any difficulties you may be encountering and/or help you troubleshoot the game! You can do this using<span style=""font-size: 14pt;""> <a href=""https://outlook.office.com/book/YalePsychedelicStudy@yale.edu/s/nnXouTvxo0GvRjb_CaoB0A2?ismsaljsauthenabled"">this Microsoft Bookings Link</a></span></p> <p> </p> <p>Please reply to this email to let me know if you would be open to this! And if you could include some available time windows for this week, that would be very helpful : )</p> <p> </p> <p>Otherwise we will have to have you replay it again. Let me know if you would prefer this option.</p> <p> </p> <p>Thank you again for your participation and patience! : )</p> <p> </p> <p>---------------------------------------------------------</p> <p>Powers Lab | Yale University</p> <p style=""background: white;""><i>Phone: ‪(203) 441-7213</i></p> <p style=""background: white;""><em>Email: </em><a href=""mailto:powers.lab@yale.edu"">powers.lab@yale.edu</a> </p>",,{},{},Y,,,N
A-1356,ip_zoom_invite,LOGIC,,ANY,[ip_zoom_invite]='1',N,N,RECORD,TIME_LAG,,,0,0,15,after,,,ONCE,,,,,,EMAIL,,maximillian.greenwald@yale.edu,maximillian.greenwald@yale.edu;[email_addtl_contact],,,,Powers Lab @ Yale Online Research: Zoom verification required,"<p>Hello!</p> <p> </p> <p>You are receiving this email because you consented to be contacted regarding your participation in an online study by the Powers Lab at Yale University, and some of your activity in screening was <strong>concerning for fraud</strong>.</p> <p> </p> <p>If you are a real person taking this study for the first time, then<strong> we would still be thrilled to have you participate</strong>! It will just require a <strong>very brief (<2 minute) zoom call to verify your authenticity</strong> with the lead researcher, Max Greenwald (CC'd here).</p> <p> </p> <p><strong>Please book a time through this <a href=""https://outlook.office.com/book/YalePsychedelicStudy@yale.edu/s/pcWBKEYjvkytlvc_-Mt25w2?ismsaljsauthenabled"">Microsoft  Bookings Link</a> and reply to this email</strong> to confirm your appointment! </p> <p> </p> <p>Thank you again so much for your interest in research participation!</p> <p> </p> <p>---------------------------------------------------------</p> <p>Powers Lab | Yale University</p> <p style=""background: white;""><i>Phone: ‪(203) 441-7213</i></p> <p style=""background: white;""><em>Email: </em><a href=""mailto:powers.lab@yale.edu"">powers.lab@yale.edu</a> </p>",,{},{},Y,,,N
A-1357,eligible_notify,LOGIC,,ANY,[eligible_notify]='1',N,N,RECORD,TIME_LAG,,,0,0,10,after,,,ONCE,,,,,,EMAIL,,maximillian.greenwald@yale.edu,[email_addtl_contact];[email_notify_only],,,,Powers Lab @ Yale University Online Study -- Clear to Begin Study! :D,"<p>Hello!</p> <p> </p> <p>You are receiving this email because you requested an email to alert you once researchers had reviewed your screening information for an online study by the Powers Lab at Yale University.</p> <p> </p> <div style=""mso-element: para-border-div; border: none; border-bottom: dotted windowtext 3.0pt; padding: 0in 0in 1.0pt 0in;""> <p style=""border: none; mso-border-bottom-alt: dotted windowtext 3.0pt; padding: 0in; mso-padding-alt: 0in 0in 1.0pt 0in;""><strong><u>You are eligible to begin using the link you saved during screening or by clicking the link below!</u></strong></p> </div> <p><span style=""font-size: 14pt;""><strong>[survey-link:eligibile:Click to Continue!]</strong></span></p> <div style=""mso-element: para-border-div; border: none; border-bottom: dotted windowtext 3.0pt; padding: 0in 0in 1.0pt 0in;""> <p style=""border: none; mso-border-bottom-alt: dotted windowtext 3.0pt; padding: 0in; mso-padding-alt: 0in 0in 1.0pt 0in;""> </p> </div> <p> </p> <p>Please try to complete the study within the week if you can!. Remember you have <strong><i>72 hours to finish once you begin and the remaining study takes ~2 hours.</i></strong></p> <p> </p> <p>Thank you so much for your interest in participating in research!</p> <p> </p> <p>---------------------------------------------------------</p> <p>Powers Lab | Yale University</p> <p style=""background: white;""><i>Phone: ‪(203) 441-7213</i></p> <p style=""background: white;""><em>Email: </em><a href=""mailto:powers.lab@yale.edu"">powers.lab@yale.edu</a> </p>",,{},{},Y,,,N
A-1358,ineligibile_fraud,LOGIC,,ANY,[ineligibile_fraud]='1',N,N,RECORD,NEXT_OCCURRENCE,DAY,9:00,,,,,,,ONCE,,,,,,EMAIL,,maximillian.greenwald@yale.edu,[email_addtl_contact],,,,Powers Lab @ Yale Online Research Study: Ineligible,"<p>Hello!</p> <p> </p> <p>You are receiving this email because you consented to be contacted regarding your research participation in an online study by the Powers Lab at Yale University.</p> <p> </p> <p>Unfortunately, your responses in screening are highly suggestive of fraud, and so you will be unable to participate in this study.</p> <p> </p> <p>If you are very confident that this email is being sent in error and still wish to participate, you may email <a href=""mailto:maximillian.greenwald@yale.edu"">maximillian.greenwald@yale.edu</a> to double-check your responses. Unfortunately, due to high rates of fraud, we must stick to strict criteria to rule out any suspicious responses. Please understand we do not wish to comment on anyone's intention, but it is our responsibility to conduct honest, accurate scientific research.</p> <p>  </p> <p>Thank you for your interest, and we wish you the best!</p> <p> </p> <p> </p> <p>---------------------------------------------------------</p> <p>Powers Lab | Yale University</p> <p style=""background: white;""><i>Phone: ‪(203) 441-7213</i></p> <p style=""background: white;""><em>Email: </em><a href=""mailto:powers.lab@yale.edu"">powers.lab@yale.edu</a> </p>",,{},{},Y,,,N
A-1359,al_yale_student_mentalhealth,LOGIC,,ANY,[al_yale_student_mentalhealth]='1',N,N,RECORD,NEXT_OCCURRENCE,DAY,9:00,,,,,,,ONCE,,,,,,EMAIL,,maximillian.greenwald@yale.edu,[yale_email],,,,Powers Lab at Yale Research Study: Inconsistent Answers,"<p>Hello!</p> <p> </p> <p>You are receiving this email because you 1) recently completed a Yale-approved online study conducted by the Powers lab, 2) consented to be contacted regarding research, and 3) gave inconsistent answers suspicious for inattentiveness/repeat survey taking. </p> <p> </p> <p>Because this is medical research, it is critical that we are collecting accurate, high-quality data (our data may impact patients!). </p> <p> </p> <p>Unfortunately, because numerous responses were inconsistent, we will have to assume that the data is not trustworthy and will not be able to use your data. As stated in our consent form, we will thus be unable to provide payment for your responses. </p> <p> </p> <p>Thank you for your participation, and we apologize for any frustration. </p> <p>---------------------------------------------------------</p> <p>Powers Lab | Yale University</p> <p style=""background: white;""><i>Phone: ‪(203) 441-7213</i></p> <p style=""background: white;""><em>Email: </em><a href=""mailto:powers.lab@yale.edu"">powers.lab@yale.edu</a> </p>",,{},{},Y,,,N
A-1360,al_yale_student_mentalhealth_mdd_si,LOGIC,,ANY,[al_yale_student_mentalhealth_mdd_si]='1',N,N,RECORD,NEXT_OCCURRENCE,DAY,9:00,,,,,,,ONCE,,,,,,EMAIL,,maximillian.greenwald@yale.edu,[yale_email],,,,Checking in and an offer of support,"<p>Good morning!</p> <p>I am a faculty supervisor and psychiatrist involved in the psychology experiment you did recently. The person who ran your experiment noticed that you seemed to be feeling quite down and blue according one of the questionnaires you completed. I wanted to follow-up and offer to provide any other referral information you might want. Additionally, if you would like to speak with me over the phone or in person, I would be glad to do so.</p> <p>Please let me know.</p> <p>Thanks.</p> <p>------------------</p> <p>Al Powers, M.D., Ph.D.</p> <p>Associate Professor of Psychiatry and Psychology,</p> <p>Director, Powers Laboratory at Yale,</p> <p>Medical Director, Associate Director,</p> <p>Yale PRIME Psychosis Risk Clinic</p> <p>Yale University School of Medicine</p> <p><a title=""https://www.prime.research.yale.edu/"" href=""https://www.prime.research.yale.edu/"" target=""_blank"" rel=""noopener"" data-ogsc="""" data-outlook-id=""3f85a496-3eb5-4a72-a714-2beaae7b7b35"">https://www.prime.research.yale.edu/</a></p> <p><a title=""https://medicine.yale.edu/lab/powers/"" href=""https://medicine.yale.edu/lab/powers/"" target=""_blank"" rel=""noopener"" data-ogsc="""" data-outlook-id=""aad87a60-5716-43f5-86b5-67f444eb2d53"">https://medicine.yale.edu/lab/powers/</a> </p>",,{},{},Y,,,N
A-1361,al_yale_student_mentalhealth_psychosis,LOGIC,,ANY,[al_yale_student_mentalhealth_psychosis]='1',N,N,RECORD,NEXT_OCCURRENCE,DAY,9:00,,,,,,,ONCE,,,,,,EMAIL,,maximillian.greenwald@yale.edu,[yale_email],,,,Checking in and an offer of support,"<p>Good morning!</p> <p>I am a faculty supervisor and psychiatrist involved in the psychology experiment you did recently. The person who ran your experiment noticed that you seemed to be having some unusual experiences that you may be struggling with, according one of the questionnaires you completed.I wanted to follow-up and offer to provide any other referral information you might want. Additionally, if you would like to speak with me over the phone or in person, I would be glad to do so.</p> <p>Please let me know.</p> <p>Thanks.</p> <p>------------------</p> <p>Al Powers, M.D., Ph.D.</p> <p>Associate Professor of Psychiatry and Psychology,</p> <p>Director, Powers Laboratory at Yale,</p> <p>Medical Director, Associate Director,</p> <p>Yale PRIME Psychosis Risk Clinic</p> <p>Yale University School of Medicine</p> <p><a title=""https://www.prime.research.yale.edu/"" href=""https://www.prime.research.yale.edu/"" target=""_blank"" rel=""noopener"" data-ogsc="""" data-outlook-id=""3f85a496-3eb5-4a72-a714-2beaae7b7b35"">https://www.prime.research.yale.edu/</a></p> <p><a title=""https://medicine.yale.edu/lab/powers/"" href=""https://medicine.yale.edu/lab/powers/"" target=""_blank"" rel=""noopener"" data-ogsc="""" data-outlook-id=""aad87a60-5716-43f5-86b5-67f444eb2d53"">https://medicine.yale.edu/lab/powers/</a> </p>",,{},{},Y,,,N
A-1362,al_yale_student_mentalhealth_substances,LOGIC,,ANY,[al_yale_student_mentalhealth_substances]='1',N,N,RECORD,NEXT_OCCURRENCE,DAY,9:00,,,,,,,ONCE,,,,,,EMAIL,,maximillian.greenwald@yale.edu,[yale_email],,,,Checking in and an offer of support,"<p><span style=""font-family: 'Open Sans', -apple-system, BlinkMacSystemFont, 'Segoe UI', Roboto, 'Helvetica Neue', Helvetica, Arial, Arial, sans-serif, 'Apple Color Emoji', 'Segoe UI Emoji', 'Segoe UI Symbol';"">Good morning!</span></p> <p><span style=""font-family: 'Open Sans', -apple-system, BlinkMacSystemFont, 'Segoe UI', Roboto, 'Helvetica Neue', Helvetica, Arial, Arial, sans-serif, 'Apple Color Emoji', 'Segoe UI Emoji', 'Segoe UI Symbol';"">I am a faculty supervisor and psychiatrist involved in the psychology experiment you did recently. The person who ran your experiment noticed that you seemed to have some concerns about substance use, according one of the questionnaires you completed. I wanted to follow-up and offer to provide any other referral information you might want. Additionally, if you would like to speak with me over the phone or in person, I would be glad to do so. </span></p> <p><span style=""font-family: 'Open Sans', -apple-system, BlinkMacSystemFont, 'Segoe UI', Roboto, 'Helvetica Neue', Helvetica, Arial, Arial, sans-serif, 'Apple Color Emoji', 'Segoe UI Emoji', 'Segoe UI Symbol';"">Please let me know. </span></p> <p><span style=""font-family: 'Open Sans', -apple-system, BlinkMacSystemFont, 'Segoe UI', Roboto, 'Helvetica Neue', Helvetica, Arial, Arial, sans-serif, 'Apple Color Emoji', 'Segoe UI Emoji', 'Segoe UI Symbol';"">Thanks.</span></p> <p><span style=""font-family: 'Open Sans', -apple-system, BlinkMacSystemFont, 'Segoe UI', Roboto, 'Helvetica Neue', Helvetica, Arial, Arial, sans-serif, 'Apple Color Emoji', 'Segoe UI Emoji', 'Segoe UI Symbol';"">------------------</span></p> <p>Al Powers, M.D., Ph.D.</p> <p>Associate Professor of Psychiatry and Psychology,</p> <p>Director, Powers Laboratory at Yale,</p> <p>Medical Director, Associate Director,</p> <p>Yale PRIME Psychosis Risk Clinic</p> <p>Yale University School of Medicine</p> <p><a title=""https://www.prime.research.yale.edu/"" href=""https://www.prime.research.yale.edu/"" target=""_blank"" rel=""noopener"" data-ogsc="""" data-outlook-id=""3f85a496-3eb5-4a72-a714-2beaae7b7b35"">https://www.prime.research.yale.edu/</a></p> <p><a title=""https://medicine.yale.edu/lab/powers/"" href=""https://medicine.yale.edu/lab/powers/"" target=""_blank"" rel=""noopener"" data-ogsc="""" data-outlook-id=""aad87a60-5716-43f5-86b5-67f444eb2d53"">https://medicine.yale.edu/lab/powers/</a> </p>",,{},{},Y,,,N
A-1363,New Records to Screen!,SUBMIT-LOGIC,screening_result,COMPLETE,"([submit_screen_v3]<>"""") or ([zoom_email]<>"""")",Y,N,RECORD,NOW,,,,,,,,,ONCE,,,,,,EMAIL,,maximillian.greenwald@yale.edu,kayla.morgan@yale.edu;maximillian.greenwald@yale.edu,,,,New Records to Screen!,<p>Somebody just finished screening and is preliminarily eligible! </p> <p>Please run the QC script ASAP (no later than 24 hours!) </p> <p> </p> <p>Thank you soooooo much!</p> <p> </p> <p>Max</p>,,{},{},Y,,,N
A-1364,Weird Number,LOGIC,,ANY,[max_number_followup]='1',N,N,RECORD,NOW,,,,,,,,,ONCE,,,,,,EMAIL,,maximillian.greenwald@yale.edu,maximillian.greenwald@yale.edu,,,,Weird phone number to follow up on,"<p>Check out the weird phone number for [record_id] [form-link:consent_baseline:here]. Someone flagged it as neither a voip or normal number and that you should manually marked the screen_pass. </p> <p> </p> <p>Thanks, future-max!</p> <p> </p> <p>Max</p>",,{},{},Y,,,N
A-1365,Questions Asked,LOGIC,,ANY,"[questions_email]<>""""",Y,N,RECORD,TIME_LAG,,,0,0,1,after,,,ONCE,,,,,,EMAIL,Past Max,maximillian.greenwald@yale.edu,maximillian.greenwald@yale.edu,,,,Someone asked a question!,"<p>Hey, Max!</p> <p> </p> <p>Record: <strong>[record_id]</strong> just asked: </p> <p><em><strong>[questions_email]</strong></em></p> <p> </p> <p>Their email is<em><strong> [email_addtl_contact]</strong></em></p> <p> </p> <p>Good luck responding!</p> <p>-Past Max</p>",,{},{},Y,,,N
A-1366,Email Max about weird phone number,LOGIC,,ANY,[email_max]='1',Y,N,RECORD,TIME_LAG,,,0,0,10,after,,,ONCE,,,,,,EMAIL,,maximillian.greenwald@yale.edu,maximillian.greenwald@yale.edu,,,,Check this participant's number please!,"<p>Hey, Max!</p> <p> </p> <p>Can you please check the phone number for participant [record_id] [form-link:consent_baseline:Here's there consent to start at]</p> <p> </p> <p>Thx bb!</p> <p> </p> <p>Max also</p>",,{},{},Y,,,N
A-1367,Confirm Payment Receipt,LOGIC,,ANY,([qc_passed]='1') and ([send_pay_confirm]='1'),N,N,RECORD,TIME_LAG,,,21,0,0,after,,,ONCE,,,,,,EMAIL,Powers Lab @ Yale University,maximillian.greenwald@yale.edu,[email_addtl_contact],,,,Please Confirm Payment Receipt for Powers Lab Online Research Study!,"<p>Hello! </p> <p> </p> <p>You are receiving this email because you consented to be contacted regarding your participation in an online research study by the Powers Lab. </p> <p> </p> <p>This email is being sent to <strong>ask that you confirm that you have received your $40 compensation for study participation, </strong>or -- if you did not receive the payment -- <strong>let us know that we need to fix this!</strong></p> <p> </p> <p>Please let us know at the following link:</p> <p><span style=""font-size: 18pt;""><strong>[survey-link:payment_confirmation:Click here to let us know whether you received your payment]</strong></span></p> <p> </p> <p>Thank you again for your participation, and have a fantastic day!</p> <p> </p> <p>P.S. if you used a digital US bank gift card, instructions are again attached for your convenience -- <em><strong>MAKE SURE YOU CLAIM YOUR CARD WITHIN 30 DAYS!!!</strong></em></p> <p> </p> <p>---------------------------------------------------------</p> <p>Powers Lab | Yale University</p> <p style=""background: white;""><i>Phone: ‪(203) 441-7213</i></p> <p style=""background: white;""><em>Email: </em><a href=""mailto:powers.lab@yale.edu"">powers.lab@yale.edu</a> </p>",,{},{},Y,,,N
A-1368,Payment Late,LOGIC,,ANY,"[payment_confirmation]=""0""",Y,N,RECORD,NOW,,,,,,,,,ONCE,,,,,,EMAIL,,maximillian.greenwald@yale.edu,catalina.mourgues@yale.edu;maximillian.greenwald@yale.edu;silmilly.toribio@yale.edu,,,,Participant for psychedelics project reporting missing payment!,"<p>Hi, Silmilly, Cata, and Max!</p> <p> </p> <p>This email means that participant [record_id] has reported that their payment has still not arrived after 15 business days :( </p> <p> </p> <p>Here are helpful links:</p> <p>[form-link:payment_form:Their Payment Form with details of participation etc.]</p> <p>[form-link:payment_confirmation:Their Answers]</p> <p> </p> <p>Thanks!</p> <p> </p> <p><3 Past Max</p>",,{},{},Y,,,N
A-1369,Close the study!,LOGIC,,ANY,"[close_study]=""close""",Y,N,RECORD,TIME_LAG,,,0,0,5,after,,,ONCE,,,,,,EMAIL,,maximillian.greenwald@yale.edu,maximillian.greenwald@yale.edu,,,,Exceeded 350 enrolled participants!,<p>Heads up! We are now above 320 enrolled participants! You should probably close the study after inspecting some? </p> <p> </p> <p>Max</p>,,{},{},Y,,,N
A-1370,Oopsie Payment Email,LOGIC,,ANY,[oops_pay]='1',Y,N,RECORD,TIME_LAG,,,0,0,30,after,,,ONCE,,,,,,EMAIL,Powers Lab @ Yale University,maximillian.greenwald@yale.edu,[email_addtl_contact],,,,Powers Lab Online Research: Email Retraction,"<p>Hello!</p> <p> </p> <p>You are receiving this email because you completed an online research study by the Powers Lab at Yale University and consented to be contacted regarding additional research opportunities.</p> <p> </p> <p>It's come to our attention that while setting up automatic alerts for new participants, folks who already completed the study were <strong>mistakenly</strong> sent emails informing them that they would receive $40 for finishing the study within 15 business days. </p> <p> </p> <p>Our sincerest apologies --<em><strong> </strong><strong>your record was already processed back when you finished the study, and so you will not be receiving any bonus compensation :( </strong></em> (even if we'd like to!) . </p> <p> </p> <p>Thank you again for your participation and patience! </p> <p> </p> <p>As always, please do not hesitate to reach out if you have questions or feedback!</p> <p> </p> <p><em>P.S. If you would like to be removed from this email list, please just email <a href=""mailto:maximillian.greenwald@yale.edu"">maximillian.greenwald@yale.edu</a> :) </em></p> <p>---------------------------------------------------------</p> <p>Powers Lab | Yale University</p> <p style=""background: white;""><i>Phone: ‪(203) 441-7213</i></p> <p style=""background: white;""><em>Email: </em><a href=""mailto:powers.lab@yale.edu"">powers.lab@yale.edu</a> </p>",,{},{},Y,,,N
A-1371,Update on Late Payment (7/7/25 deadline),LOGIC,,ANY,[payment_fix]='1',Y,N,RECORD,TIME_LAG,,,0,0,30,after,,,ONCE,,,,,,EMAIL,Powers Lab @ Yale University,maximillian.greenwald@yale.edu,silmilly.toribio@yale.edu;[email_addtl_contact],,,,Powers Lab Online Research: Addressing Late Payment!,"<p>Hello!</p> <p> </p> <p>You are receiving this email because you completed an online research study by the Powers Lab at Yale University and consented to be contacted regarding research.</p> <p> </p> <p>You are receiving this email to update you that the Yale Business office is taking a very long time processing digital gift cards. <em><strong>We are committed to compensating you for your research in a timely fashion, and so we will be sending you digital VISA cards on <span style=""text-decoration: underline;"">Monday 7/7/2025</span> if we have not received an update from the Business office by the end of the</strong></em> day. </p> <p> </p> <p><strong>We are so sorry! </strong>We earnestly try to get people paid as soon as possible for their participation and we are very surprised by this delay. We understand how anxiety-inducing it can be given that this study is entirely online! </p> <p> </p> <p>Thank you again so much for your participation, and please do not hesitate to reach out with questions or concerns!</p> <p> </p> <p>Max</p> <p>---------------------------------------------------------</p> <p>Powers Lab | Yale University</p> <p style=""background: white;""><i>Phone: ‪(203) 441-7213</i></p> <p style=""background: white;""><em>Email: </em><a href=""mailto:powers.lab@yale.edu"">powers.lab@yale.edu</a> </p>",,{},{},Y,,,N
A-1372,confirm_delay,LOGIC,,ANY,([cannabis_continue]='1'),Y,N,RECORD,TIME_LAG,,,0,0,2,after,,,ONCE,,,,,,EMAIL,Powers Lab @ Yale University,maximillian.greenwald@yale.edu,[interested_spstudy],,,,Powers Lab Online Study: Reminder Confirmation and important participation information,"<p>Hello!</p> <p> </p> <p>You are receiving this email because you consented to be contacted by the Powers Lab at Yale University regarding your participation in an online study, and you have indicated that you will be delaying your participation until <span style=""font-size: 12pt;""><strong>[cb_continue_date]</strong></span> in order to participate in our baseline and/or longitudinal study.</p> <p> </p> <p>Thank you so much! <strong><i>Your conscientious participation is <u>extremely</u> valuable to this research, and we welcome any suggestions to improve your research experience and/or better accommodate you.</i></strong><i> </i> <strong><i> </i></strong></p> <p> </p> <p>This email is to confirm receipt of your responses and that an email has been scheduled to remind you to participate anytime after <span style=""font-size: 12pt;""><strong>[cb_continue_date]</strong></span>. If there is an earlier date that would be considerably more convenient please contact us and we will allow you to continue.</p> <p><strong> </strong></p> <p><strong><u>We also want to remind you of the key participation information:</u></strong> please <strong>refrain from cannabis use prior to days of participation</strong>. Specifically, we have determined cannabis will not interfere with our measures if you refrain for:</p> <ul style=""margin-top: 0in;"" type=""disc""> <li style=""margin-left: 38.1pt; mso-list: l0 level1 lfo1;""><strong><i>3 days</i></strong><i> at a <strong>minimum</strong></i></li> <li style=""margin-left: 38.1pt; mso-list: l0 level1 lfo1;""><strong>1 week</strong> if using <strong>once per month</strong></li> <li style=""margin-left: 38.1pt; mso-list: l0 level1 lfo1;""><strong>2 weeks</strong> if using <strong>weekly or twice weekly</strong></li> <li style=""margin-left: 38.1pt; mso-list: l0 level1 lfo1;""><strong>4 weeks</strong> if using <strong>more than 3-4x weekly</strong></li> </ul> <p> </p> <p>Please let us know if you have questions or concerns! You may reach out to <a href=""mailto:maximillian.greenwald@yale.edu"">maximillian.greenwald@yale.edu</a> at any time!</p> <p> </p> <p>Thank you again!</p> <p>---------------------------------------------------------</p> <p>Powers Lab | Yale University</p> <p style=""background: white;""><i>Phone: ‪(203) 441-7213</i></p> <p style=""background: white;""><em>Email: </em><a href=""mailto:powers.lab@yale.edu"">powers.lab@yale.edu</a> </p>",,{},{},Y,,,N
A-1373,SMS Verification Re-invite,LOGIC,,ANY,([sms_verify_invite]='1') and ([record_id]>1320),Y,N,RECORD,TIME_LAG,,,0,0,15,after,,,ONCE,,,,,,EMAIL,Powers Lab @ Yale University,maximillian.greenwald@yale.edu,[email_addtl_contact],,,,Powers Lab Online Research: Link to Continue & Apologies,"<p>Hello!</p> <p> </p> <p>You are receiving this email because you recently started screening for an online research study by the Powers Lab at Yale University and consented to be contacted regarding research.</p> <p> </p> <p>It's come to our attention that a <strong>mistake</strong> in the survey logic led folks who started after 7/4/25 to an error where folks <strong>could not verify their phone numbers nor finish screening</strong> :( </p> <p> </p> <p>We are so so sorry about the mistake! We believe the error has been addressed, and <strong>you can now continue at</strong> <span style=""font-size: 18pt;""><strong>[survey-link:sms_verification:this link]</strong></span>. </p> <p> </p> <p>Please, please let one of us know if you run into any issues, and we will do our best to address them immediately! You can email <a href=""mailto:maximillian.greenwald@yale.edu"">maximillian.greenwald@yale.edu</a> or <a href=""mailto:powers.lab@yale.edu"">powers.lab@yale.edu</a>. </p> <p> </p> <p>Thank you so much for your participation and your patience!</p> <p> </p> <p>Max</p> <p>---------------------------------------------------------</p> <p>Powers Lab | Yale University</p> <p style=""background: white;""><i>Phone: ‪(203) 441-7213</i></p> <p style=""background: white;""><em>Email: </em><a href=""mailto:powers.lab@yale.edu"">powers.lab@yale.edu</a> </p>",,{},{},Y,,,N
A-1374,Fix NaN Responses,LOGIC,,ANY,[nan_values_fix]='1',Y,N,RECORD,TIME_LAG,,,0,0,30,after,,,ONCE,,,,,,EMAIL,Powers Lab @ Yale University,maximillian.greenwald@yale.edu,[email_addtl_contact],,,,Powers Lab Online Research: Missing some answers! (Main questionnaire),"<p class=""p1"">Hello!</p> <p class=""p1""> </p> <p class=""p1"">You are receiving this email because you consented to be contacted by the Powers Lab at Yale University regarding your participation in an online study <strong>and have missing answers from a study you recently completed</strong>. </p> <p class=""p1""> </p> <p class=""p1""><span style=""font-family: 'Open Sans', -apple-system, BlinkMacSystemFont, 'Segoe UI', Roboto, 'Helvetica Neue', Helvetica, Arial, Arial, sans-serif, 'Apple Color Emoji', 'Segoe UI Emoji', 'Segoe UI Symbol'; font-size: 13px;"">At your earliest convenience, please click the link below and provide responses to any blank responses -- your payment will be processed once the answers are provided :) </span></p> <p class=""p1""><strong style=""font-size: 14pt; font-family: 'Open Sans', -apple-system, BlinkMacSystemFont, 'Segoe UI', Roboto, 'Helvetica Neue', Helvetica, Arial, Arial, sans-serif, 'Apple Color Emoji', 'Segoe UI Emoji', 'Segoe UI Symbol';"">[survey-link:survey_perception_substance_use:Click to fix blank responses and finish the survey!]</strong></p> <p class=""p1""> </p> <p class=""p1"">Thank you so much again for your interest in participation! As always, please reach out to <a href=""mailto:maximilliang.greenwald@yale.edu"">maximillian.greenwald@yale.edu</a> if you encounter any difficulties!</p> <p class=""p1""> </p> <p class=""p1"">-Max</p> <p>---------------------------------------------------------</p> <p>Powers Lab | Yale University</p> <p style=""background: white;""><i>Phone: ‪(203) 441-7213</i></p> <p style=""background: white;""><em>Email: </em><a href=""mailto:powers.lab@yale.edu"">powers.lab@yale.edu</a> </p>",,{},{},Y,,,N
A-1375,Fix NaN Responses,LOGIC,,ANY,[nan_values_fix_screen]='1',Y,N,RECORD,TIME_LAG,,,0,0,30,after,,,ONCE,,,,,,EMAIL,Powers Lab @ Yale University,maximillian.greenwald@yale.edu,[email_addtl_contact],,,,Powers Lab Online Research: Missing some answers! (screening survey),"<p class=""p1"">Hello!</p> <p class=""p1""> </p> <p class=""p1"">You are receiving this email because you consented to be contacted by the Powers Lab at Yale University regarding your participation in an online study <strong>and have missing answers from a study you recently completed</strong>. </p> <p class=""p1""> </p> <p class=""p1""><span style=""font-family: 'Open Sans', -apple-system, BlinkMacSystemFont, 'Segoe UI', Roboto, 'Helvetica Neue', Helvetica, Arial, Arial, sans-serif, 'Apple Color Emoji', 'Segoe UI Emoji', 'Segoe UI Symbol'; font-size: 13px;"">At your earliest convenience, please click the link below and provide responses to any blank responses -- your payment will be processed once the answers are provided :) </span></p> <p class=""p1""><strong style=""font-size: 14pt; font-family: 'Open Sans', -apple-system, BlinkMacSystemFont, 'Segoe UI', Roboto, 'Helvetica Neue', Helvetica, Arial, Arial, sans-serif, 'Apple Color Emoji', 'Segoe UI Emoji', 'Segoe UI Symbol';"">[survey-link:screening_survey:Click to fix blank responses and finish the study!]</strong></p> <p class=""p1""> </p> <p class=""p1"">Thank you so much again for your interest in participation! As always, please reach out to <a href=""mailto:maximilliang.greenwald@yale.edu"">maximillian.greenwald@yale.edu</a> if you encounter any difficulties!</p> <p class=""p1""> </p> <p class=""p1"">-Max</p> <p>---------------------------------------------------------</p> <p>Powers Lab | Yale University</p> <p style=""background: white;""><i>Phone: ‪(203) 441-7213</i></p> <p style=""background: white;""><em>Email: </em><a href=""mailto:powers.lab@yale.edu"">powers.lab@yale.edu</a> </p>",,{},{},Y,,,N
A-1376,Cancel Control Recruitment,LOGIC,,ANY,"[close_control]=""close""",Y,N,RECORD,TIME_LAG,,,0,0,5,after,,,ONCE,,,,,,EMAIL,,maximillian.greenwald@yale.edu,maximillian.greenwald@yale.edu,,,,Exceeded 20 control participants!,<p>Heads up! We are now above 20 control participants who have passed QC!  You should probably prevent more controls from signing on. </p> <p>Max</p>,,{},{},Y,,,N
A-1377,replay_links_ach,LOGIC,,ANY,[replay_links_ach]='1',Y,N,RECORD,TIME_LAG,,,0,0,30,after,,,ONCE,,,,,,EMAIL,,maximillian.greenwald@yale.edu,[replay_email],,,,Powers Lab at Yale Research Study: Game Replay Links,"<p>Hello!</p> <p> </p> <p>You are receiving this email because you 1) recently submitted survey responses for an online survey study by the Powers Lab at Yale University, 2) consented to be contacted regarding your research participation, and 3) gave responses to one or more games suggesting directions may have been misunderstood or there was not full engagement the entire time through.</p> <p> </p> <p>In order to receive compensation for your participation, you will need to please replay the following games carefully at the links below:</p> <p> </p> <p> ############</p> <p><strong><u>Can You Hear the Tone?</u></strong></p> <p>************************</p> <p><i>Remember to please keep your volume at 100%, screen brightness at 100%, and listen carefully for the tone!</i></p> <p><span style=""font-size: 14pt;""><i> <strong>[survey-link:auditory_ch_task:Replay Link Here]</strong></i></span></p> <p>############</p> <p> </p> <p>Thank you <strong><i>so much</i></strong> for your participation, and we apologize for any frustration! Your data is extremely valuable to us, and so we want to ensure we are able to use it! </p> <p> </p> <p>We are available via Google Voice, email, or Zoom should you wish to discuss any game instructions or technical difficulties!</p> <p> </p> <p>In order to expedite your payment <strong><i>please email us back when all games above have been replayed!</i></strong></p> <p> </p> <p>-----------------------------------------------</p> <p><strong>Powers Lab</strong></p> <p>Department of Psychiatry</p> <p>Yale University School of Medicine</p>",,{},{},Y,,,N
A-1378,replay_links_ach_now,LOGIC,,ANY,[replay_links_ach_now]='1',Y,N,RECORD,TIME_LAG,,,0,0,5,after,,,ONCE,,,,,,EMAIL,,maximillian.greenwald@yale.edu,[replay_email],,,,Powers Lab at Yale Research Study: Game Replay Links,"<p>Hello!</p> <p> </p> <p>You are receiving this email because you 1) recently submitted survey responses for an online survey study by the Powers Lab at Yale University, 2) consented to be contacted regarding your research participation, and 3) gave responses to one or more games suggesting directions may have been misunderstood or there was not full engagement the entire time through.</p> <p> </p> <p>In order to receive compensation for your participation, you will need to please replay the following games carefully at the links below:</p> <p> </p> <p> ############</p> <p><strong><u>Can You Hear the Tone?</u></strong></p> <p>************************</p> <p><i>Remember to please keep your volume at 100%, screen brightness at 100%, and listen carefully for the tone!</i></p> <p><span style=""font-size: 14pt;""><i> <strong>[survey-link:auditory_ch_task:Replay Link Here]</strong></i></span></p> <p>############</p> <p> </p> <p>Thank you <strong><i>so much</i></strong> for your participation, and we apologize for any frustration! Your data is extremely valuable to us, and so we want to ensure we are able to use it! </p> <p> </p> <p>We are available via Google Voice, email, or Zoom should you wish to discuss any game instructions or technical difficulties!</p> <p> </p> <p>In order to expedite your payment <strong><i>please email us back when all games above have been replayed!</i></strong></p> <p> </p> <p>-----------------------------------------------</p> <p><strong>Powers Lab</strong></p> <p>Department of Psychiatry</p> <p>Yale University School of Medicine</p>",,{},{},Y,,,N
A-1379,replay_links_vch_now,LOGIC,,ANY,[replay_links_vch_new]='1',Y,N,RECORD,TIME_LAG,,,0,0,30,after,,,ONCE,,,,,,EMAIL,,maximillian.greenwald@yale.edu,[replay_email],,,,Powers Lab at Yale Research Study: Game Replay Links,"<p>Hello!</p> <p> </p> <p>You are receiving this email because you 1) recently submitted survey responses for an online survey study by the Powers Lab at Yale University, 2) consented to be contacted regarding your research participation, and 3) gave responses to one or more games suggesting directions may have been misunderstood or there was not full engagement the entire time through.</p> <p> </p> <p>In order to receive compensation for your participation, you will need to please replay the following games carefully at the links below:</p> <p> </p> <p> ############</p> <p> </p> <p><strong><u>Look for the Pattern!</u></strong></p> <p> </p> <p>************************</p> <p><i>Remember to please keep your volume at 100%, screen brightness at 100%, and look carefully for the pattern!</i></p> <p><span style=""font-size: 14pt;""><i> <strong>[survey-link:visual_ch_task:Replay Link Here]</strong></i></span></p> <p>############</p> <p> </p> <p>Thank you <strong><i>so much</i></strong> for your participation, and we apologize for any frustration! Your data is extremely valuable to us, and so we want to ensure we are able to use it! </p> <p> </p> <p>We are available via Google Voice, email, or Zoom should you wish to discuss any game instructions or technical difficulties!</p> <p> </p> <p>In order to expedite your payment <strong><i>please email us back when all games above have been replayed!</i></strong></p> <p> </p> <p>-----------------------------------------------</p> <p><strong>Powers Lab</strong></p> <p>Department of Psychiatry</p> <p>Yale University School of Medicine</p> <p> </p>",,{},{},Y,,,N
A-1380,replay_links_prl_now,LOGIC,,ANY,[replay_links_prl_new]='1',N,N,RECORD,TIME_LAG,,,0,0,30,after,,,ONCE,,,,,,EMAIL,,maximillian.greenwald@yale.edu,[replay_email],,,,Powers Lab at Yale Research Study: Game Replay Links,"<p>Hello!</p> <p> </p> <p>You are receiving this email because you 1) recently submitted survey responses for an online survey study by the Powers Lab at Yale University, 2) consented to be contacted regarding your research participation, and 3) gave responses to one or more games suggesting directions may have been misunderstood or there was not full engagement the entire time through.</p> <p> </p> <p>In order to receive compensation for your participation, you will need to please replay the following games carefully at the links below:</p> <p> </p> <p> ############</p> <p> </p> <p><strong><u>The Lucky Picture Picking Game</u></strong></p> <p> </p> <p>************************</p> <p><i>Remember that even the lucky picture sometimes gives you low points - you're just looking for the picture that gives you more points the most <strong>often</strong>! You should <strong>not </strong>change to a different picture the moment you get a low point reward.  </i></p> <p><i>Sometimes the picture is only moderately good - try to make sure you're confident you've found the actual LUCKIEST picture before committing! </i></p> <p><span style=""font-size: 14pt;""><i> <strong>[survey-link:prl_task:Replay Link Here]</strong></i></span></p> <p>############</p> <p> </p> <p>Thank you <strong><i>so much</i></strong> for your participation, and we apologize for any frustration! Your data is extremely valuable to us, and so we want to ensure we are able to use it! </p> <p> </p> <p>We are available via Google Voice, email, or Zoom should you wish to discuss any game instructions or technical difficulties!</p> <p> </p> <p>In order to expedite your payment <strong><i>please email us back when all games above have been replayed!</i></strong></p> <p> </p> <p>-----------------------------------------------</p> <p><strong>Powers Lab</strong></p> <p>Department of Psychiatry</p> <p>Yale University School of Medicine</p> <p> </p>",,{},{},Y,,,N
A-1381,Emailed Participation Reminders,LOGIC,,ANY,([wants_notification]='1') and ([honesty_qc]=''),Y,N,RECORD,TIME_LAG,,,0,0,15,after,,,SCHEDULE,,12,HOURS,6,,EMAIL,Powers Lab @ Yale University,maximillian.greenwald@yale.edu,[email_addtl_contact],,,,Powers Lab at Yale Research Study: Participation Reminder,"<p>Hello!</p> <p> </p> <p>You are receiving this email because you requested reminders to continue your participation in the Yale Powers Lab Research Study! Remember you have <strong>72 hours </strong>from when you first began.</p> <p> </p> <p>This reminder will go out every 12 hours until you finish or until it has been 12 hours. </p> <p> </p> <p>Thank you <strong><i>so much</i></strong> for your participation! Your data is extremely valuable to us, and so we want to ensure we are able to use it! </p> <p> </p> <p>Please email <a href=""mailto:maximillian.greenwald@yale.edu"">maximillian.greenwald@yale.edu</a> if you encounter any difficulties or have any questions!</p> <p> </p> <p>-----------------------------------------------</p> <p><strong>Powers Lab</strong></p> <p>Department of Psychiatry</p> <p>Yale University School of Medicine</p> <p> </p>",,{},{},Y,,,N
A-1382,Re-do Main Survey,LOGIC,,ANY,[finish_questionnaires]='1',Y,N,RECORD,TIME_LAG,,,0,0,30,after,,,ONCE,,,,,,EMAIL,Powers Lab @ Yale University,maximillian.greenwald@yale.edu,[email_addtl_contact],,,,Powers Lab Online Research: Links to Complete Main Questionnaires!,"<p class=""p1"">Hello!</p> <p class=""p1""> </p> <p class=""p1"">You are receiving this email because you consented to be contacted by the Powers Lab at Yale University regarding your participation in an online study and <strong>were unable to complete the essential questionnaires and one of the games in the survey due to our error :(  </strong></p> <p class=""p1""> </p> <p class=""p1"">Very sorry about the error! For some reason, folks who were supposed to complete questionnaires and then the games were sent directly to the games!</p> <p class=""p1""> </p> <p class=""p1""><span style=""text-decoration: underline; font-size: 18pt;""><strong>In order to finish the study, please make sure you have answered all of the questions in the following questionnaires:</strong></span></p> <p class=""p1""><strong style=""font-size: 14pt; font-family: 'Open Sans', -apple-system, BlinkMacSystemFont, 'Segoe UI', Roboto, 'Helvetica Neue', Helvetica, Arial, Arial, sans-serif, 'Apple Color Emoji', 'Segoe UI Emoji', 'Segoe UI Symbol';"">[survey-link:survey_perception_substance_use:The main survey (20-60 minutes)]</strong></p> <p class=""p1""><strong style=""font-size: 14pt; font-family: 'Open Sans', -apple-system, BlinkMacSystemFont, 'Segoe UI', Roboto, 'Helvetica Neue', Helvetica, Arial, Arial, sans-serif, 'Apple Color Emoji', 'Segoe UI Emoji', 'Segoe UI Symbol';"">[survey-link:family_history_and_asi:The smaller secondary survey (10-20 minutes)]</strong></p> <p class=""p1""> </p> <p class=""p1""><span style=""font-size: 10pt;""><span style=""font-family: 'Open Sans', -apple-system, BlinkMacSystemFont, 'Segoe UI', Roboto, 'Helvetica Neue', Helvetica, Arial, Arial, sans-serif, 'Apple Color Emoji', 'Segoe UI Emoji', 'Segoe UI Symbol';"">and then please play one last game -- the Can You See the Pattern? Game!</span></span></p> <p class=""p1""><span style=""font-size: 14pt;""><span style=""font-family: 'Open Sans', -apple-system, BlinkMacSystemFont, 'Segoe UI', Roboto, 'Helvetica Neue', Helvetica, Arial, Arial, sans-serif, 'Apple Color Emoji', 'Segoe UI Emoji', 'Segoe UI Symbol';""><i> <strong>[survey-link:visual_ch_task:Click here to finish the game -- Can You See the Pattern?]</strong></i></span></span></p> <p class=""p1""> </p> <p class=""p1""><span style=""text-decoration: underline; font-size: 18pt;""><strong>Please, please try to finish the questionnaires within 72 hours -- we want to correlate these answers to your game performance :)</strong></span></p> <p class=""p1""> </p> <p class=""p1""><em>Please<strong> reply to this email</strong> if you <strong>encounter any difficulties </strong>and a researcher will address them as soon as possible! </em></p> <p class=""p1""> </p> <p class=""p1""><span style=""font-size: 14pt;""><strong>Thank you </strong></span>again so much for your participation!</p> <p class=""p1""> </p> <p class=""p1"">-Max</p> <p>---------------------------------------------------------</p> <p>Powers Lab | Yale University</p> <p style=""background: white;""><i>Phone: ‪(203) 441-7213</i></p> <p style=""background: white;""><em>Email: </em><a href=""mailto:powers.lab@yale.edu"">powers.lab@yale.edu</a> </p>",,{},{},Y,,,N
A-1383,Emailed VCH Task Link,LOGIC,,ANY,[wants_links]='1' and [headphones_check]<>'',Y,N,RECORD,TIME_LAG,,,0,0,15,after,,,ONCE,,,,,,EMAIL,Powers Lab @ Yale University,maximillian.greenwald@yale.edu,[email_addtl_contact],,,,"Powers Lab at Yale Research Study: Link to ""Can You See the Pattern?"" Survey Section in Case of Error","<p>Hello!</p> <p> </p> <p>You are receiving this email because you requested to receive links to each section of your survey in case they are needed. Attached in this email is a link to the ""Can You See the Pattern?"" game section of your RedCap survey. Please use this link if you were removed from RedCap, the game didn't save, or an error occurred that left you unable to regain access to your survey. </p> <p>If you're using this link because you were not returned back to the survey after completing the game, and/or if the game did not save, then <strong>clicking the game link again</strong> within RedCap (on the same browser you used before) should save the data for your completion of the game. </p> <p><strong><span style=""font-size: 18pt;"">[survey-link:visual_ch_task:Survey Link]</span></strong></p> <p> </p> <p>Thank you <strong><i>so much</i></strong> for your participation, and we apologize for any frustration! Your data is extremely valuable to us, and so we want to ensure we are able to use it!  If you have any questions, please email <a href=""mailto:maximillian.greenwald@yale.edu"">maximillian.greenwald@yale.edu</a>. </p> <p> </p> <p>-----------------------------------------------</p> <p><strong>Powers Lab</strong></p> <p>Department of Psychiatry</p> <p>Yale University School of Medicine</p> <p> </p>",,{},{},Y,,,N
A-1384,Emailed PRL Task Link,LOGIC,,ANY,([wants_links]='1') and ([monitor_recheck_prl]<>''),Y,N,RECORD,TIME_LAG,,,0,0,30,after,,,ONCE,,,,,,EMAIL,Powers Lab @ Yale University,maximillian.greenwald@yale.edu,[email_addtl_contact],,,,"Powers Lab at Yale Research Study: Link to the ""Lucky Picture Picking Game"" Survey Section in Case of Error","<p>Hello!</p> <p> </p> <p>You are receiving this email because you requested to receive links to each section of your survey in case they are needed. Attached in this email is a link to the ""Lucky Picture Picking game"" section of your RedCap survey. Please use this link if you were removed from RedCap, the game didn't save, or an error occurred that left you unable to regain access to your survey. </p> <p>If you're using this link because you were not returned back to the survey after completing the game, and/or if the game did not save, then <strong>clicking the game link again</strong> within RedCap (on the same browser you used before) should save the data for your completion of the game. </p> <p><strong><span style=""font-size: 18pt;"">[survey-link:prl_task:Survey Link]</span></strong></p> <p> </p> <p>Thank you <strong><i>so much</i></strong> for your participation, and we apologize for any frustration! Your data is extremely valuable to us, and so we want to ensure we are able to use it!  If you have any questions, please email <a href=""mailto:maximillian.greenwald@yale.edu"">maximillian.greenwald@yale.edu</a>. </p> <p> </p> <p>-----------------------------------------------</p> <p><strong>Powers Lab</strong></p> <p>Department of Psychiatry</p> <p>Yale University School of Medicine</p> <p> </p>",,{},{},Y,,,N
A-1385,Emailed ACH Task Link,LOGIC,,ANY,([wants_links]='1') and ([headphones_recheck_ah]<>''),Y,N,RECORD,TIME_LAG,,,0,0,30,after,,,ONCE,,,,,,EMAIL,Powers Lab @ Yale University,maximillian.greenwald@yale.edu,[email_addtl_contact],,,,"Powers Lab at Yale Research Study: Link to the ""Can You Hear the Tone?"" Survey Section in Case of Error","<p>Hello!</p> <p> </p> <p>You are receiving this email because you requested to receive links to each section of your survey in case they are needed. Attached in this email is a link to the ""Can You Hear the Tone?"" game section of your RedCap survey. Please use this link if you were removed from RedCap, the game didn't save, or an error occurred that left you unable to regain access to your survey. </p> <p>If you're using this link because you were not returned back to the survey after completing the game, and/or if the game did not save, then <strong>clicking the game link again</strong> within RedCap (on the same browser you used before) should save the data for your completion of the game. </p> <p><strong><span style=""font-size: 18pt;"">[survey-link:auditory_ch_task:Survey Link]</span></strong></p> <p> </p> <p>Thank you <strong><i>so much</i></strong> for your participation, and we apologize for any frustration! Your data is extremely valuable to us, and so we want to ensure we are able to use it!  If you have any questions, please email <a href=""mailto:maximillian.greenwald@yale.edu"">maximillian.greenwald@yale.edu</a>. </p> <p> </p> <p>-----------------------------------------------</p> <p><strong>Powers Lab</strong></p> <p>Department of Psychiatry</p> <p>Yale University School of Medicine</p> <p> </p>",,{},{},Y,,,N
A-1386,Emailed Spacejunk Task Link,LOGIC,,ANY,([wants_links]='1') and ([monitor_recheck_spacejunk]<>''),Y,N,RECORD,TIME_LAG,,,0,0,30,after,,,ONCE,,,,,,EMAIL,Powers Lab @ Yale University,maximillian.greenwald@yale.edu,[email_addtl_contact],,,,"Powers Lab at Yale Research Study: Link to the ""Spacejunk"" Survey Section in Case of Error","<p>Hello!</p> <p> </p> <p>You are receiving this email because you requested to receive links to each section of your survey in case they are needed. Attached in this email is a link to the ""Spacejunk"" game section of your RedCap survey. Please use this link if you were removed from RedCap, the game didn't save, or an error occurred that left you unable to regain access to your survey. </p> <p>If you're using this link because you were not returned back to the survey after completing the game, and/or if the game did not save, then <strong>clicking the game link again</strong> within RedCap (on the same browser you used before) should save the data for your completion of the game. </p> <p><strong><span style=""font-size: 18pt;"">[survey-link:spacejunk_game:Survey Link]</span></strong></p> <p> </p> <p>Thank you <strong><i>so much</i></strong> for your participation, and we apologize for any frustration! Your data is extremely valuable to us, and so we want to ensure we are able to use it!  If you have any questions, please email <a href=""mailto:maximillian.greenwald@yale.edu"">maximillian.greenwald@yale.edu</a>. </p> <p> </p> <p>-----------------------------------------------</p> <p><strong>Powers Lab</strong></p> <p>Department of Psychiatry</p> <p>Yale University School of Medicine</p> <p> </p>",,{},{},Y,,,N
A-1387,Delayed Payment Confirmation,LOGIC,,ANY,([payment_confirmation]='0'),Y,N,RECORD,TIME_LAG,,,21,0,0,after,,,ONCE,,,,,,EMAIL,Powers Lab @ Yale University,maximillian.greenwald@yale.edu,[email_addtl_contact],,,,Please Confirm Payment for Powers Lab Online Research Study!,"<p>Hello! </p> <p> </p> <p>You are receiving this email because you consented to be contacted regarding your participation in an online research study by the Powers Lab. </p> <p> </p> <p>This email is being sent to <strong>ask that you confirm that you ended up receiving your $40 compensation for study participation, </strong>or -- if you still have not received the payment -- <strong>let us know that we need to fix this!</strong></p> <p> </p> <p>Please let us know at the following link:</p> <p><span style=""font-size: 18pt;""><strong>[survey-link:delayed_payment_confirmation:Click here to let us know whether you received your payment]</strong></span></p> <p> </p> <p>Thank you again for your participation, and have a fantastic day!</p> <p> </p> <p>P.S. if you used a digital US bank gift card, instructions are again attached for your convenience -- <em><strong>MAKE SURE YOU CLAIM YOUR CARD WITHIN 30 DAYS!!!</strong></em></p> <p> </p> <p>---------------------------------------------------------</p> <p>Powers Lab | Yale University</p> <p style=""background: white;""><i>Phone: ‪(203) 441-7213</i></p> <p style=""background: white;""><em>Email: </em><a href=""mailto:powers.lab@yale.edu"">powers.lab@yale.edu</a> </p>",,{},{},Y,,,N
A-1388,Delayed Payment Still Not Received,LOGIC,,ANY,([delayed_pay_confirm]='0'),Y,N,RECORD,NOW,,,,,,,,,ONCE,,,,,,EMAIL,,maximillian.greenwald@yale.edu,catalina.mourgues@yale.edu;maximillian.greenwald@yale.edu;silmilly.toribio@yale.edu,,,,Participant for psychedelics project still reporting missing payment!,"<p>Hi, Silmilly, Cata, and Max!</p> <p> </p> <p>This email means that participant [record_id] has reported that their payment has still not arrived after 30 business days :( </p> <p> </p> <p>Here are helpful links:</p> <p>[form-link:payment_form:Their Payment Form with details of participation etc.]</p> <p>[form-link:delayed_payment_confirmation:Their Answers]</p> <p> </p> <p>Thanks!</p> <p> </p> <p><3 Past Max</p>",,{},{},Y,,,N
A-1389,Continue cuz SMS busted,LOGIC,,ANY,[continue_sms]='1',Y,N,RECORD,TIME_LAG,,,0,0,30,after,,,ONCE,,,,,,EMAIL,Powers Lab @ Yale University,maximillian.greenwald@yale.edu,[email_addtl_contact],,,,Powers Lab Online Research: Apologies & Link to Continue!,"<p class=""p1"">Hello!</p> <p class=""p1""> </p> <p class=""p1"">You are receiving this email because you consented to be contacted by the Powers Lab at Yale University regarding your participation in an online study and <strong>were unable to complete screening due to an error in our SMS Verification System.</strong></p> <p class=""p1""> </p> <p class=""p1"">We are very sorry about this error and the delay in your participation!</p> <p class=""p1""> </p> <p class=""p1"">We are pausing the study temporarily while we try to fix this issue,<strong> but you may continue without verification at the link below! </strong></p> <p class=""p1""> </p> <p class=""p1""><strong style=""font-size: 14pt; font-family: 'Open Sans', -apple-system, BlinkMacSystemFont, 'Segoe UI', Roboto, 'Helvetica Neue', Helvetica, Arial, Arial, sans-serif, 'Apple Color Emoji', 'Segoe UI Emoji', 'Segoe UI Symbol';"">[survey-link:screening_result:Click here to finish screening]</strong></p> <p class=""p1""> </p> <p class=""p1""><em>Please<strong> reply to this email</strong> if you <strong>encounter any difficulties </strong>and a researcher will address them as soon as possible! </em></p> <p class=""p1""> </p> <p class=""p1""><span style=""font-size: 14pt;""><strong><span style=""font-size: 10pt;"">Thank you</span> </strong></span>again so much for your participation!</p> <p class=""p1""> </p> <p class=""p1"">-Max</p> <p>---------------------------------------------------------</p> <p>Powers Lab | Yale University</p> <p style=""background: white;""><i>Phone: ‪(203) 441-7213</i></p> <p style=""background: white;""><em>Email: </em><a href=""mailto:powers.lab@yale.edu"">powers.lab@yale.edu</a> </p>",,{},{},Y,,,N
A-1390,6-Week Wait Confirmation,LOGIC,,ANY,[sp_wait_pls]='1' and [continue_date]<>'',Y,N,RECORD,TIME_LAG,,,0,0,15,after,,,ONCE,,,,,,EMAIL,,maximillian.greenwald@yale.edu,[email_rpt],,,,Powers Lab Online Study: We will email you when you can continue,"<p>Hello!</p>
<p>Thanks for completing screening for the Powers Lab @ Yale's online study.</p>
<p>Because your most recent use was less than 6 weeks ago, you are opting to wait until it has been 6 weeks for you to complete the baseline measures and then continue the study. </p>
<p>We recorded that you want a reminder. We will send you a continuation link on<strong> [continue_date]</strong> when 6 weeks have passed since your last use.</p>
<p>Thank you again so much for participating in research!</p>
<p>- Powers Lab</p>",,{},{},Y,,,N
A-1391,6-Week Continue Link,LOGIC,,ANY,[sp_wait_pls]='1' and [continue_date]<>'' and [screening_pass]='',Y,N,RECORD,TIME_LAG,,,,,,after,[continue_date],,ONCE,,,,,,EMAIL,,maximillian.greenwald@yale.edu,[email_rpt];[email_addtl_contact];[interested_spstudy],,,,Powers Lab Online Study: You can now continue to baseline,"<p>Hello,</p><p>You are now at least 6 weeks past the last serotonergic or atypical psychedelic use you reported during screening.</p><p>You can continue your study enrollment here:</p><p><strong>[survey-link:screening_result:Continue from your screening results page]</strong></p><p>- Powers Lab</p>",,{},{},Y,,,N
A-1392,Baseline Complete: Save Day-Of Link,LOGIC,,ANY,[validity_checks_complete]='2',Y,N,RECORD,TIME_LAG,,,,,15,after,,,ONCE,,,,,,EMAIL,,maximillian.greenwald@yale.edu,[email_rpt],,,,Powers Lab Online Study: Save your day-of survey link,"<p>Hello,</p><p>You have completed the baseline session.</p><p>Please save this email. When you are ready for the <strong>day-of / hyperacute</strong> timepoint, start here:</p><p><strong>[survey-link:hyperacute_presurvey:Open the day-of / hyperacute session link]</strong></p><p>Use this link only on the intended day, before beginning your planned serotonergic psychedelic use event.</p><p>- Powers Lab</p>",,{},{},Y,,,N
A-1393,Baseline Complete: Save Day-After Link,LOGIC,,ANY,[validity_checks_complete]='2',Y,N,RECORD,TIME_LAG,,,,,15,after,,,ONCE,,,,,,EMAIL,,maximillian.greenwald@yale.edu,[email_rpt],,,,Powers Lab Online Study: Save your day-after survey link,"<p>Hello,</p><p>You have completed the baseline session.</p><p>Please save this email. When you are ready for the <strong>day-after / acute</strong> timepoint, start here:</p><p><strong>[survey-link:acute_presurvey:Open the day-after / acute session link]</strong></p><p>Use this link the day after your planned serotonergic psychedelic use event.</p><p>- Powers Lab</p>",,{},{},Y,,,N
A-1394,1-2 Week Follow-Up Invite From Hyperacute,LOGIC,,ANY,[timestamp_hyp_post]<>'' and [timestamp_acu_post]='' and [timestamp_sub_pre]='',Y,N,RECORD,TIME_LAG,,,7,,,after,[timestamp_hyp_post],,ONCE,,,,,,EMAIL,,maximillian.greenwald@yale.edu,[email_rpt],,,,Powers Lab Online Study: It is time for your 1-2 week follow-up,"<p>Hello,</p><p>It is now time for your 1-2 week follow-up session.</p><p><strong>[survey-link:subacute_presurvey:Open your 1-2 week follow-up session]</strong></p><p>- Powers Lab</p>",,{},{},Y,,,N
A-1395,1-2 Week Follow-Up Invite From Acute,LOGIC,,ANY,[timestamp_acu_post]<>'' and [timestamp_sub_pre]='',Y,N,RECORD,TIME_LAG,,,7,,,after,[timestamp_acu_post],,ONCE,,,,,,EMAIL,,maximillian.greenwald@yale.edu,[email_rpt],,,,Powers Lab Online Study: It is time for your 1-2 week follow-up,"<p>Hello,</p><p>It is now time for your 1-2 week follow-up session.</p><p><strong>[survey-link:subacute_presurvey:Open your 1-2 week follow-up session]</strong></p><p>- Powers Lab</p>",,{},{},Y,,,N
A-1396,1-6 Month Follow-Up Invite From Hyperacute,LOGIC,,ANY,[timestamp_hyp_post]<>'' and [timestamp_acu_post]='' and [timestamp_pers_pre]='',Y,N,RECORD,TIME_LAG,,,30,,,after,[timestamp_hyp_post],,ONCE,,,,,,EMAIL,,maximillian.greenwald@yale.edu,[email_rpt],,,,Powers Lab Online Study: It is time for your 1-6 month follow-up,"<p>Hello,</p><p>Your 1-6 month follow-up window is now open.</p><p><strong>[survey-link:persisting_presurvey:Open your 1-6 month follow-up session]</strong></p><p>- Powers Lab</p>",,{},{},Y,,,N
A-1397,1-6 Month Follow-Up Invite From Acute,LOGIC,,ANY,[timestamp_acu_post]<>'' and [timestamp_pers_pre]='',Y,N,RECORD,TIME_LAG,,,30,,,after,[timestamp_acu_post],,ONCE,,,,,,EMAIL,,maximillian.greenwald@yale.edu,[email_rpt],,,,Powers Lab Online Study: It is time for your 1-6 month follow-up,"<p>Hello,</p><p>Your 1-6 month follow-up window is now open.</p><p><strong>[survey-link:persisting_presurvey:Open your 1-6 month follow-up session]</strong></p><p>- Powers Lab</p>",,{},{},Y,,,N
A-1398,24 Hour Timepoint Reminder,LOGIC,,ANY,[timestamp_hyp_pre]<>'' and ([timestamp_vch_hyp]<>'' or [timestamp_hyp_post]<>'') and [timestamp_acu_pre]='',Y,N,RECORD,TIME_LAG,,,,12,,after,[timestamp_hyp_pre],,ONCE,,,,,,EMAIL,,maximillian.greenwald@yale.edu,[email_rpt],,,,Powers Lab Online Study: Reminder for your day-after session,"<p>Hello!</p> <p> </p> <p>Just sending along a reminder that it is <strong>now time to complete the <span style=""font-size: 14pt;"">24hr time-point's computer games</span></strong>! </p> <p> </p> <p>Recall, these games are designed to take <strong>2 hours</strong> and <span style=""font-size: 14pt;""><em><strong>you have until the end of the day to complete the games.</strong></em></span></p> <p> </p> <p>All you'll need is <em><strong>THE SAME </strong></em>laptop or computer (<strong>not a tablet</strong>), good internet,  <em><strong>THE SAME </strong></em><strong>headphones</strong>, a distraction-free space, and <span style=""font-size: 18pt;""><strong>[survey-link:acute_presurvey:</strong><strong>this link to start the questions/games]</strong></span></p> <p> </p> <p>As always, if you have any questions or problems, please just email  <a href=""mailto:maximillian.greenwald@yale.edu"">maximillian.greenwald@yale.edu</a>! </p> <p> </p> <p>Thank you SO much for your participation in research! </p> <p class=""p1"">---------------------</p> <p style=""background: white;""><strong>Max Greenwald</strong></p> <p style=""background: white;"">MD-PhD Student | Powers Lab</p> <p style=""background: white;"">Yale School of Medicine</p> <p style=""background: white;"">Phone: ‪(203) 441-7213</p> <p style=""background: white;"">(he/him/his)</p>",,{},{},Y,,,N
